{
  "coef": [
    [
      0.941416660735129,
      -0.48609040862277164,
      -0.2970021227270247,
      -0.11875723193074186,
      0.9147869110799325,
      -0.4237728585484631,
      -0.6825154772783674,
      0.23107746905191306,
      0.5377187455663006,
      0.02468807360976629,
      0.4282997155643249,
      -0.9511410584853806
    ],
    [
      -0.36905082822979624,
      2.2346030905130196,
      -0.9070115522552938,
      -0.9752168856828672,
      -0.3825484827491032,
      0.9341573616014088,
      -0.14277295266705958,
      -0.4255239271472326,
      -0.1788434490033472,
      0.9586729286887266,
      -1.129893515552424,
      0.3333838561495412
    ],
    [
      -0.8072123142589905,
      -0.6170915577037465,
      2.4133301622158942,
      -0.9961514556481703,
      -0.5418945600962003,
      -0.10991161320082989,
      1.0670323313284897,
      -0.4223420307137108,
      0.0050424280310514095,
      -0.33263569439663687,
      1.0484492798122236,
      -0.7279708384463207
    ],
    [
      0.23484648175365072,
      -1.131421124186506,
      -1.2093164872335629,
      2.0901255732617674,
      0.009656131765375577,
      -0.4004728898521192,
      -0.2417439013830618,
      0.6167884888090308,
      -0.3639177245940106,
      -0.6507253079018567,
      -0.3468554798241226,
      1.3457280407821588
    ]
  ],
  "intercept": [
    1.5785846900839111,
    -0.5659668102340123,
    -0.5725964463969017,
    -0.44002143345295186
  ],
  "classes": [
    "neutral",
    "angry",
    "positive",
    "sad"
  ],
  "order": [
    "ga",
    "hu",
    "ours"
  ]
}